avgpool,4
avgpool,5
avgpool,6
avgpool,7
avgpool,8
avgpool,9
avgpool,10
avgpool,12
avgpool,13
avgpool,15
avgpool,16
avgpool,17
avgpool,19
avgpool,20
avgpool,21
avgpool,24
avgpool,25
avgpool,26
avgpool,27
avgpool,28
avgpool,29
avgpool,30
avgpool,31
avgpool,32
avgpool,33
avgpool,35
avgpool,36
avgpool,37
avgpool,38
avgpool,39
avgpool,40
avgpool,42
avgpool,43
avgpool,44
avgpool,45
avgpool,48
avgpool,49
avgpool,50
avgpool,51
avgpool,52
avgpool,54
avgpool,55
avgpool,56
avgpool,57
avgpool,59
avgpool,60
avgpool,61
avgpool,62
avgpool,65
avgpool,66
avgpool,67
avgpool,68
avgpool,69
avgpool,70
avgpool,71
avgpool,72
avgpool,73
avgpool,75
avgpool,77
avgpool,79
avgpool,80
avgpool,81
avgpool,82
avgpool,83
avgpool,84
avgpool,85
avgpool,86
avgpool,88
avgpool,89
avgpool,90
avgpool,91
avgpool,92
avgpool,93
avgpool,95
avgpool,96
avgpool,98
avgpool,99
avgpool,100
avgpool,103
avgpool,105
avgpool,106
avgpool,108
avgpool,109
avgpool,110
avgpool,111
avgpool,112
avgpool,113
avgpool,115
avgpool,116
avgpool,117
avgpool,118
avgpool,119
avgpool,121
avgpool,122
avgpool,123
avgpool,124
avgpool,125
avgpool,126
avgpool,127
avgpool,128
avgpool,130
avgpool,131
avgpool,132
avgpool,133
avgpool,134
avgpool,135
avgpool,138
avgpool,139
avgpool,140
avgpool,141
avgpool,143
avgpool,144
avgpool,146
avgpool,147
avgpool,148
avgpool,149
avgpool,150
avgpool,151
avgpool,152
avgpool,153
avgpool,154
avgpool,158
avgpool,159
avgpool,161
avgpool,162
avgpool,163
avgpool,164
avgpool,165
avgpool,166
avgpool,167
avgpool,168
avgpool,169
avgpool,170
avgpool,171
avgpool,172
avgpool,173
avgpool,174
avgpool,177
avgpool,178
avgpool,179
avgpool,180
avgpool,182
avgpool,183
avgpool,184
avgpool,185
avgpool,186
avgpool,188
avgpool,189
avgpool,190
avgpool,191
avgpool,194
avgpool,195
avgpool,196
avgpool,197
avgpool,199
avgpool,200
avgpool,201
avgpool,203
avgpool,204
avgpool,206
avgpool,207
avgpool,208
avgpool,210
avgpool,212
avgpool,213
avgpool,214
avgpool,215
avgpool,216
avgpool,219
avgpool,221
avgpool,222
avgpool,223
avgpool,224
avgpool,226
avgpool,227
avgpool,228
avgpool,230
avgpool,231
avgpool,232
avgpool,233
avgpool,234
avgpool,235
avgpool,236
avgpool,237
avgpool,239
avgpool,241
avgpool,242
avgpool,243
avgpool,244
avgpool,245
avgpool,246
avgpool,247
avgpool,248
avgpool,249
avgpool,252
avgpool,253
avgpool,254
avgpool,255
avgpool,257
avgpool,258
avgpool,259
avgpool,260
avgpool,261
avgpool,262
avgpool,263
avgpool,264
avgpool,265
avgpool,266
avgpool,268
avgpool,269
avgpool,270
avgpool,271
avgpool,272
avgpool,273
avgpool,275
avgpool,277
avgpool,278
avgpool,279
avgpool,280
avgpool,281
avgpool,284
avgpool,285
avgpool,286
avgpool,287
avgpool,290
avgpool,291
avgpool,293
avgpool,294
avgpool,295
avgpool,296
avgpool,297
avgpool,299
avgpool,300
avgpool,301
avgpool,302
avgpool,303
avgpool,304
avgpool,307
avgpool,308
avgpool,309
avgpool,311
avgpool,312
avgpool,314
avgpool,315
avgpool,316
avgpool,317
avgpool,318
avgpool,319
avgpool,320
avgpool,321
avgpool,324
avgpool,325
avgpool,326
avgpool,329
avgpool,331
avgpool,332
avgpool,333
avgpool,334
avgpool,335
avgpool,336
avgpool,338
avgpool,339
avgpool,341
avgpool,343
avgpool,345
avgpool,346
avgpool,347
avgpool,348
avgpool,349
avgpool,351
avgpool,352
avgpool,353
avgpool,354
avgpool,355
avgpool,357
avgpool,358
avgpool,359
avgpool,360
avgpool,363
avgpool,364
avgpool,365
avgpool,367
avgpool,368
avgpool,369
avgpool,371
avgpool,372
avgpool,373
avgpool,374
avgpool,377
avgpool,378
avgpool,379
avgpool,380
avgpool,381
avgpool,383
avgpool,384
avgpool,385
avgpool,386
avgpool,387
avgpool,388
avgpool,389
avgpool,390
avgpool,391
avgpool,393
avgpool,395
avgpool,397
avgpool,398
avgpool,399
avgpool,401
avgpool,402
avgpool,403
avgpool,406
avgpool,407
avgpool,408
avgpool,409
avgpool,411
avgpool,412
avgpool,415
avgpool,416
avgpool,418
avgpool,420
avgpool,421
avgpool,422
avgpool,423
avgpool,425
avgpool,427
avgpool,428
avgpool,430
avgpool,431
avgpool,433
avgpool,434
avgpool,436
avgpool,438
avgpool,439
avgpool,440
avgpool,441
avgpool,444
avgpool,445
avgpool,446
avgpool,447
avgpool,448
avgpool,449
avgpool,450
avgpool,451
avgpool,452
avgpool,453
avgpool,454
avgpool,455
avgpool,456
avgpool,457
avgpool,458
avgpool,459
avgpool,460
avgpool,461
avgpool,462
avgpool,463
avgpool,464
avgpool,465
avgpool,466
avgpool,467
avgpool,468
avgpool,469
avgpool,470
avgpool,471
avgpool,472
avgpool,475
avgpool,478
avgpool,479
avgpool,481
avgpool,482
avgpool,483
avgpool,485
avgpool,486
avgpool,488
avgpool,489
avgpool,490
avgpool,491
avgpool,492
avgpool,493
avgpool,494
avgpool,496
avgpool,498
avgpool,499
avgpool,501
avgpool,502
avgpool,503
avgpool,505
avgpool,506
avgpool,507
avgpool,510
avgpool,512
avgpool,514
avgpool,516
avgpool,518
avgpool,520
avgpool,523
avgpool,526
avgpool,527
avgpool,528
avgpool,529
avgpool,530
avgpool,531
avgpool,532
avgpool,533
avgpool,535
avgpool,536
avgpool,538
avgpool,540
avgpool,541
avgpool,542
avgpool,543
avgpool,544
avgpool,545
avgpool,546
avgpool,547
avgpool,548
avgpool,549
avgpool,550
avgpool,551
avgpool,553
avgpool,555
avgpool,556
avgpool,557
avgpool,558
avgpool,560
avgpool,561
avgpool,562
avgpool,564
avgpool,565
avgpool,566
avgpool,567
avgpool,568
avgpool,571
avgpool,572
avgpool,573
avgpool,575
avgpool,577
avgpool,578
avgpool,579
avgpool,580
avgpool,581
avgpool,582
avgpool,583
avgpool,586
avgpool,587
avgpool,588
avgpool,590
avgpool,591
avgpool,592
avgpool,593
avgpool,594
avgpool,595
avgpool,596
avgpool,597
avgpool,598
avgpool,600
avgpool,601
avgpool,602
avgpool,603
avgpool,604
avgpool,605
avgpool,607
avgpool,609
avgpool,610
avgpool,611
avgpool,612
avgpool,613
avgpool,614
avgpool,615
avgpool,616
avgpool,617
avgpool,618
avgpool,619
avgpool,621
avgpool,622
avgpool,623
avgpool,624
avgpool,625
avgpool,626
avgpool,627
avgpool,628
avgpool,629
avgpool,630
avgpool,631
avgpool,633
avgpool,634
avgpool,635
avgpool,636
avgpool,637
avgpool,638
avgpool,639
avgpool,642
avgpool,645
avgpool,647
avgpool,648
avgpool,650
avgpool,653
avgpool,655
avgpool,658
avgpool,659
avgpool,660
avgpool,661
avgpool,663
avgpool,664
avgpool,665
avgpool,666
avgpool,668
avgpool,669
avgpool,671
avgpool,672
avgpool,673
avgpool,674
avgpool,675
avgpool,676
avgpool,677
avgpool,678
avgpool,679
avgpool,680
avgpool,682
avgpool,683
avgpool,685
avgpool,686
avgpool,687
avgpool,688
avgpool,689
avgpool,691
avgpool,692
avgpool,694
avgpool,695
avgpool,697
avgpool,698
avgpool,699
avgpool,700
avgpool,701
avgpool,703
avgpool,704
avgpool,705
avgpool,706
avgpool,708
avgpool,709
avgpool,710
avgpool,711
avgpool,713
avgpool,714
avgpool,716
avgpool,717
avgpool,718
avgpool,719
avgpool,720
avgpool,721
avgpool,722
avgpool,724
avgpool,726
avgpool,728
avgpool,729
avgpool,730
avgpool,731
avgpool,732
avgpool,733
avgpool,734
avgpool,737
avgpool,738
avgpool,739
avgpool,741
avgpool,742
avgpool,743
avgpool,744
avgpool,745
avgpool,746
avgpool,747
avgpool,748
avgpool,749
avgpool,751
avgpool,752
avgpool,753
avgpool,755
avgpool,756
avgpool,757
avgpool,758
avgpool,759
avgpool,760
avgpool,761
avgpool,762
avgpool,764
avgpool,765
avgpool,766
avgpool,768
avgpool,769
avgpool,770
avgpool,771
avgpool,772
avgpool,773
avgpool,774
avgpool,775
avgpool,776
avgpool,777
avgpool,778
avgpool,780
avgpool,781
avgpool,783
avgpool,784
avgpool,785
avgpool,786
avgpool,787
avgpool,789
avgpool,790
avgpool,791
avgpool,792
avgpool,793
avgpool,794
avgpool,795
avgpool,796
avgpool,797
avgpool,798
avgpool,799
avgpool,801
avgpool,802
avgpool,803
avgpool,805
avgpool,806
avgpool,807
avgpool,808
avgpool,809
avgpool,810
avgpool,813
avgpool,814
avgpool,816
avgpool,818
avgpool,819
avgpool,820
avgpool,821
avgpool,822
avgpool,823
avgpool,824
avgpool,825
avgpool,826
avgpool,827
avgpool,828
avgpool,829
avgpool,830
avgpool,831
avgpool,832
avgpool,833
avgpool,835
avgpool,836
avgpool,837
avgpool,838
avgpool,839
avgpool,840
avgpool,841
avgpool,843
avgpool,845
avgpool,846
avgpool,847
avgpool,848
avgpool,849
avgpool,850
avgpool,851
avgpool,852
avgpool,853
avgpool,855
avgpool,856
avgpool,857
avgpool,858
avgpool,859
avgpool,860
avgpool,862
avgpool,863
avgpool,864
avgpool,865
avgpool,866
avgpool,867
avgpool,868
avgpool,870
avgpool,871
avgpool,872
avgpool,873
avgpool,874
avgpool,875
avgpool,877
avgpool,878
avgpool,880
avgpool,881
avgpool,882
avgpool,883
avgpool,885
avgpool,886
avgpool,888
avgpool,889
avgpool,890
avgpool,892
avgpool,893
avgpool,895
avgpool,896
avgpool,897
avgpool,898
avgpool,899
avgpool,900
avgpool,901
avgpool,902
avgpool,903
avgpool,904
avgpool,905
avgpool,906
avgpool,907
avgpool,909
avgpool,910
avgpool,912
avgpool,914
avgpool,915
avgpool,917
avgpool,918
avgpool,919
avgpool,920
avgpool,921
avgpool,923
avgpool,924
avgpool,925
avgpool,926
avgpool,927
avgpool,928
avgpool,929
avgpool,930
avgpool,931
avgpool,933
avgpool,934
avgpool,935
avgpool,936
avgpool,938
avgpool,940
avgpool,942
avgpool,943
avgpool,946
avgpool,947
avgpool,948
avgpool,950
avgpool,951
avgpool,953
avgpool,954
avgpool,955
avgpool,956
avgpool,958
avgpool,959
avgpool,961
avgpool,962
avgpool,963
avgpool,965
avgpool,966
avgpool,967
avgpool,969
avgpool,970
avgpool,971
avgpool,972
avgpool,973
avgpool,974
avgpool,975
avgpool,976
avgpool,977
avgpool,979
avgpool,981
avgpool,984
avgpool,985
avgpool,986
avgpool,987
avgpool,988
avgpool,989
avgpool,992
avgpool,993
avgpool,994
avgpool,995
avgpool,997
avgpool,999
avgpool,1001
avgpool,1002
avgpool,1003
avgpool,1004
avgpool,1005
avgpool,1006
avgpool,1007
avgpool,1008
avgpool,1009
avgpool,1010
avgpool,1011
avgpool,1012
avgpool,1014
avgpool,1016
avgpool,1017
avgpool,1019
avgpool,1020
avgpool,1021
avgpool,1023
avgpool,1024
avgpool,1025
avgpool,1026
avgpool,1027
avgpool,1029
avgpool,1030
avgpool,1031
avgpool,1034
avgpool,1035
avgpool,1036
avgpool,1037
avgpool,1040
avgpool,1041
avgpool,1042
avgpool,1043
avgpool,1044
avgpool,1047
avgpool,1049
avgpool,1050
avgpool,1051
avgpool,1052
avgpool,1054
avgpool,1055
avgpool,1056
avgpool,1058
avgpool,1060
avgpool,1061
avgpool,1062
avgpool,1063
avgpool,1064
avgpool,1065
avgpool,1069
avgpool,1070
avgpool,1071
avgpool,1072
avgpool,1073
avgpool,1074
avgpool,1077
avgpool,1079
avgpool,1080
avgpool,1081
avgpool,1082
avgpool,1083
avgpool,1085
avgpool,1087
avgpool,1088
avgpool,1089
avgpool,1090
avgpool,1091
avgpool,1092
avgpool,1093
avgpool,1094
avgpool,1095
avgpool,1096
avgpool,1097
avgpool,1098
avgpool,1099
avgpool,1100
avgpool,1101
avgpool,1103
avgpool,1104
avgpool,1105
avgpool,1106
avgpool,1107
avgpool,1108
avgpool,1109
avgpool,1110
avgpool,1111
avgpool,1112
avgpool,1114
avgpool,1115
avgpool,1116
avgpool,1117
avgpool,1118
avgpool,1119
avgpool,1120
avgpool,1121
avgpool,1122
avgpool,1124
avgpool,1126
avgpool,1127
avgpool,1128
avgpool,1129
avgpool,1130
avgpool,1132
avgpool,1133
avgpool,1134
avgpool,1135
avgpool,1136
avgpool,1137
avgpool,1139
avgpool,1141
avgpool,1142
avgpool,1144
avgpool,1145
avgpool,1146
avgpool,1147
avgpool,1148
avgpool,1149
avgpool,1150
avgpool,1151
avgpool,1153
avgpool,1155
avgpool,1158
avgpool,1159
avgpool,1160
avgpool,1161
avgpool,1162
avgpool,1163
avgpool,1164
avgpool,1165
avgpool,1166
avgpool,1167
avgpool,1169
avgpool,1170
avgpool,1171
avgpool,1173
avgpool,1174
avgpool,1175
avgpool,1176
avgpool,1177
avgpool,1179
avgpool,1180
avgpool,1181
avgpool,1182
avgpool,1183
avgpool,1184
avgpool,1185
avgpool,1186
avgpool,1187
avgpool,1188
avgpool,1189
avgpool,1190
avgpool,1192
avgpool,1193
avgpool,1194
avgpool,1195
avgpool,1196
avgpool,1198
avgpool,1199
avgpool,1200
avgpool,1203
avgpool,1204
avgpool,1205
avgpool,1206
avgpool,1207
avgpool,1208
avgpool,1209
avgpool,1210
avgpool,1211
avgpool,1213
avgpool,1214
avgpool,1215
avgpool,1216
avgpool,1218
avgpool,1220
avgpool,1221
avgpool,1222
avgpool,1223
avgpool,1224
avgpool,1226
avgpool,1227
avgpool,1228
avgpool,1229
avgpool,1232
avgpool,1233
avgpool,1236
avgpool,1238
avgpool,1239
avgpool,1240
avgpool,1241
avgpool,1242
avgpool,1244
avgpool,1245
avgpool,1246
avgpool,1248
avgpool,1249
avgpool,1250
avgpool,1251
avgpool,1252
avgpool,1253
avgpool,1255
avgpool,1256
avgpool,1257
avgpool,1258
avgpool,1259
avgpool,1260
avgpool,1262
avgpool,1263
avgpool,1264
avgpool,1265
avgpool,1266
avgpool,1267
avgpool,1268
avgpool,1270
avgpool,1272
avgpool,1273
avgpool,1274
avgpool,1275
avgpool,1277
avgpool,1278
avgpool,1279
avgpool,1282
avgpool,1283
avgpool,1285
avgpool,1286
avgpool,1288
avgpool,1289
avgpool,1290
avgpool,1291
avgpool,1292
avgpool,1293
avgpool,1294
avgpool,1295
avgpool,1296
avgpool,1297
avgpool,1298
avgpool,1299
avgpool,1300
avgpool,1301
avgpool,1302
avgpool,1303
avgpool,1304
avgpool,1305
avgpool,1306
avgpool,1307
avgpool,1308
avgpool,1312
avgpool,1314
avgpool,1315
avgpool,1316
avgpool,1317
avgpool,1319
avgpool,1321
avgpool,1322
avgpool,1323
avgpool,1324
avgpool,1325
avgpool,1327
avgpool,1331
avgpool,1333
avgpool,1334
avgpool,1336
avgpool,1338
avgpool,1340
avgpool,1341
avgpool,1342
avgpool,1344
avgpool,1345
avgpool,1346
avgpool,1347
avgpool,1348
avgpool,1349
avgpool,1351
avgpool,1353
avgpool,1355
avgpool,1357
avgpool,1358
avgpool,1359
avgpool,1362
avgpool,1363
avgpool,1365
avgpool,1366
avgpool,1367
avgpool,1368
avgpool,1369
avgpool,1370
avgpool,1371
avgpool,1372
avgpool,1373
avgpool,1374
avgpool,1376
avgpool,1377
avgpool,1378
avgpool,1380
avgpool,1382
avgpool,1383
avgpool,1384
avgpool,1385
avgpool,1387
avgpool,1389
avgpool,1390
avgpool,1391
avgpool,1392
avgpool,1393
avgpool,1394
avgpool,1396
avgpool,1397
avgpool,1398
avgpool,1399
avgpool,1400
avgpool,1402
avgpool,1403
avgpool,1404
avgpool,1405
avgpool,1408
avgpool,1409
avgpool,1410
avgpool,1411
avgpool,1413
avgpool,1415
avgpool,1416
avgpool,1417
avgpool,1419
avgpool,1420
avgpool,1421
avgpool,1422
avgpool,1423
avgpool,1424
avgpool,1427
avgpool,1428
avgpool,1429
avgpool,1430
avgpool,1431
avgpool,1432
avgpool,1434
avgpool,1435
avgpool,1436
avgpool,1437
avgpool,1439
avgpool,1440
avgpool,1441
avgpool,1442
avgpool,1443
avgpool,1444
avgpool,1445
avgpool,1446
avgpool,1447
avgpool,1448
avgpool,1449
avgpool,1450
avgpool,1451
avgpool,1453
avgpool,1455
avgpool,1456
avgpool,1457
avgpool,1458
avgpool,1459
avgpool,1460
avgpool,1461
avgpool,1462
avgpool,1463
avgpool,1464
avgpool,1465
avgpool,1466
avgpool,1467
avgpool,1468
avgpool,1471
avgpool,1472
avgpool,1473
avgpool,1475
avgpool,1476
avgpool,1478
avgpool,1479
avgpool,1480
avgpool,1481
avgpool,1482
avgpool,1484
avgpool,1488
avgpool,1489
avgpool,1490
avgpool,1491
avgpool,1492
avgpool,1493
avgpool,1494
avgpool,1496
avgpool,1497
avgpool,1498
avgpool,1499
avgpool,1500
avgpool,1501
avgpool,1502
avgpool,1503
avgpool,1504
avgpool,1505
avgpool,1506
avgpool,1507
avgpool,1508
avgpool,1509
avgpool,1512
avgpool,1514
avgpool,1516
avgpool,1517
avgpool,1518
avgpool,1519
avgpool,1523
avgpool,1524
avgpool,1525
avgpool,1527
avgpool,1529
avgpool,1531
avgpool,1533
avgpool,1534
avgpool,1535
avgpool,1536
avgpool,1537
avgpool,1539
avgpool,1542
avgpool,1543
avgpool,1544
avgpool,1545
avgpool,1546
avgpool,1549
avgpool,1550
avgpool,1551
avgpool,1552
avgpool,1553
avgpool,1554
avgpool,1555
avgpool,1556
avgpool,1557
avgpool,1559
avgpool,1560
avgpool,1561
avgpool,1562
avgpool,1563
avgpool,1564
avgpool,1565
avgpool,1566
avgpool,1567
avgpool,1569
avgpool,1571
avgpool,1572
avgpool,1573
avgpool,1574
avgpool,1575
avgpool,1576
avgpool,1577
avgpool,1578
avgpool,1579
avgpool,1580
avgpool,1581
avgpool,1582
avgpool,1585
avgpool,1587
avgpool,1588
avgpool,1590
avgpool,1592
avgpool,1593
avgpool,1596
avgpool,1597
avgpool,1599
avgpool,1600
avgpool,1602
avgpool,1603
avgpool,1605
avgpool,1606
avgpool,1608
avgpool,1609
avgpool,1611
avgpool,1612
avgpool,1613
avgpool,1614
avgpool,1615
avgpool,1616
avgpool,1618
avgpool,1619
avgpool,1620
avgpool,1621
avgpool,1622
avgpool,1624
avgpool,1625
avgpool,1627
avgpool,1628
avgpool,1629
avgpool,1630
avgpool,1631
avgpool,1632
avgpool,1633
avgpool,1635
avgpool,1636
avgpool,1637
avgpool,1638
avgpool,1639
avgpool,1641
avgpool,1643
avgpool,1644
avgpool,1646
avgpool,1647
avgpool,1648
avgpool,1649
avgpool,1650
avgpool,1651
avgpool,1652
avgpool,1655
avgpool,1656
avgpool,1659
avgpool,1660
avgpool,1661
avgpool,1662
avgpool,1664
avgpool,1666
avgpool,1667
avgpool,1668
avgpool,1669
avgpool,1673
avgpool,1674
avgpool,1675
avgpool,1676
avgpool,1677
avgpool,1678
avgpool,1679
avgpool,1680
avgpool,1681
avgpool,1682
avgpool,1683
avgpool,1685
avgpool,1686
avgpool,1687
avgpool,1688
avgpool,1689
avgpool,1690
avgpool,1691
avgpool,1693
avgpool,1694
avgpool,1696
avgpool,1698
avgpool,1699
avgpool,1700
avgpool,1701
avgpool,1702
avgpool,1703
avgpool,1704
avgpool,1705
avgpool,1706
avgpool,1707
avgpool,1708
avgpool,1709
avgpool,1711
avgpool,1712
avgpool,1713
avgpool,1714
avgpool,1715
avgpool,1716
avgpool,1717
avgpool,1718
avgpool,1719
avgpool,1720
avgpool,1723
avgpool,1724
avgpool,1725
avgpool,1726
avgpool,1728
avgpool,1729
avgpool,1730
avgpool,1731
avgpool,1732
avgpool,1733
avgpool,1734
avgpool,1736
avgpool,1737
avgpool,1738
avgpool,1739
avgpool,1740
avgpool,1741
avgpool,1743
avgpool,1744
avgpool,1745
avgpool,1746
avgpool,1747
avgpool,1748
avgpool,1751
avgpool,1753
avgpool,1754
avgpool,1755
avgpool,1756
avgpool,1757
avgpool,1759
avgpool,1760
avgpool,1761
avgpool,1762
avgpool,1763
avgpool,1765
avgpool,1766
avgpool,1767
avgpool,1768
avgpool,1769
avgpool,1770
avgpool,1771
avgpool,1772
avgpool,1773
avgpool,1776
avgpool,1778
avgpool,1780
avgpool,1782
avgpool,1784
avgpool,1785
avgpool,1788
avgpool,1789
avgpool,1790
avgpool,1791
avgpool,1792
avgpool,1793
avgpool,1794
avgpool,1796
avgpool,1798
avgpool,1800
avgpool,1802
avgpool,1803
avgpool,1804
avgpool,1805
avgpool,1806
avgpool,1807
avgpool,1809
avgpool,1810
avgpool,1811
avgpool,1813
avgpool,1814
avgpool,1815
avgpool,1816
avgpool,1820
avgpool,1822
avgpool,1823
avgpool,1824
avgpool,1826
avgpool,1827
avgpool,1828
avgpool,1829
avgpool,1830
avgpool,1835
avgpool,1836
avgpool,1837
avgpool,1838
avgpool,1840
avgpool,1841
avgpool,1842
avgpool,1843
avgpool,1845
avgpool,1846
avgpool,1847
avgpool,1848
avgpool,1849
avgpool,1850
avgpool,1851
avgpool,1853
avgpool,1854
avgpool,1855
avgpool,1856
avgpool,1857
avgpool,1860
avgpool,1861
avgpool,1862
avgpool,1863
avgpool,1864
avgpool,1865
avgpool,1866
avgpool,1870
avgpool,1871
avgpool,1872
avgpool,1873
avgpool,1874
avgpool,1877
avgpool,1878
avgpool,1879
avgpool,1880
avgpool,1881
avgpool,1882
avgpool,1883
avgpool,1884
avgpool,1885
avgpool,1886
avgpool,1888
avgpool,1889
avgpool,1890
avgpool,1892
avgpool,1893
avgpool,1894
avgpool,1896
avgpool,1897
avgpool,1898
avgpool,1899
avgpool,1901
avgpool,1902
avgpool,1903
avgpool,1904
avgpool,1905
avgpool,1906
avgpool,1907
avgpool,1908
avgpool,1909
avgpool,1912
avgpool,1913
avgpool,1914
avgpool,1915
avgpool,1916
avgpool,1917
avgpool,1918
avgpool,1919
avgpool,1920
avgpool,1922
avgpool,1923
avgpool,1924
avgpool,1926
avgpool,1928
avgpool,1929
avgpool,1930
avgpool,1931
avgpool,1932
avgpool,1933
avgpool,1934
avgpool,1935
avgpool,1937
avgpool,1940
avgpool,1941
avgpool,1942
avgpool,1943
avgpool,1944
avgpool,1945
avgpool,1946
avgpool,1948
avgpool,1949
avgpool,1950
avgpool,1951
avgpool,1954
avgpool,1957
avgpool,1958
avgpool,1959
avgpool,1960
avgpool,1961
avgpool,1962
avgpool,1963
avgpool,1964
avgpool,1965
avgpool,1967
avgpool,1968
avgpool,1970
avgpool,1971
avgpool,1972
avgpool,1973
avgpool,1976
avgpool,1977
avgpool,1978
avgpool,1981
avgpool,1984
avgpool,1986
avgpool,1987
avgpool,1988
avgpool,1991
avgpool,1992
avgpool,1993
avgpool,1995
avgpool,1996
avgpool,1998
avgpool,1999
avgpool,2000
avgpool,2002
avgpool,2003
avgpool,2004
avgpool,2005
avgpool,2007
avgpool,2008
avgpool,2009
avgpool,2010
avgpool,2013
avgpool,2014
avgpool,2015
avgpool,2018
avgpool,2019
avgpool,2020
avgpool,2024
avgpool,2025
avgpool,2026
avgpool,2027
avgpool,2029
avgpool,2030
avgpool,2031
avgpool,2032
avgpool,2033
avgpool,2034
avgpool,2038
avgpool,2039
avgpool,2040
avgpool,2041
avgpool,2042
avgpool,2043
avgpool,2044
avgpool,2045
avgpool,2046
avgpool,2047
