decoder.avgpool,2
decoder.avgpool,3
decoder.avgpool,4
decoder.avgpool,5
decoder.avgpool,6
decoder.avgpool,7
decoder.avgpool,9
decoder.avgpool,10
decoder.avgpool,11
decoder.avgpool,12
decoder.avgpool,13
decoder.avgpool,14
decoder.avgpool,16
decoder.avgpool,17
decoder.avgpool,18
decoder.avgpool,19
decoder.avgpool,20
decoder.avgpool,21
decoder.avgpool,23
decoder.avgpool,24
decoder.avgpool,25
decoder.avgpool,27
decoder.avgpool,28
decoder.avgpool,29
decoder.avgpool,30
decoder.avgpool,31
decoder.avgpool,32
decoder.avgpool,33
decoder.avgpool,34
decoder.avgpool,35
decoder.avgpool,37
decoder.avgpool,38
decoder.avgpool,39
decoder.avgpool,42
decoder.avgpool,43
decoder.avgpool,44
decoder.avgpool,46
decoder.avgpool,47
decoder.avgpool,48
decoder.avgpool,49
decoder.avgpool,50
decoder.avgpool,52
decoder.avgpool,53
decoder.avgpool,55
decoder.avgpool,57
decoder.avgpool,58
decoder.avgpool,59
decoder.avgpool,60
decoder.avgpool,61
decoder.avgpool,63
decoder.avgpool,64
decoder.avgpool,65
decoder.avgpool,67
decoder.avgpool,68
decoder.avgpool,69
decoder.avgpool,70
decoder.avgpool,71
decoder.avgpool,72
decoder.avgpool,73
decoder.avgpool,74
decoder.avgpool,75
decoder.avgpool,76
decoder.avgpool,77
decoder.avgpool,78
decoder.avgpool,79
decoder.avgpool,80
decoder.avgpool,81
decoder.avgpool,83
decoder.avgpool,84
decoder.avgpool,85
decoder.avgpool,86
decoder.avgpool,88
decoder.avgpool,90
decoder.avgpool,92
decoder.avgpool,94
decoder.avgpool,95
decoder.avgpool,97
decoder.avgpool,99
decoder.avgpool,103
decoder.avgpool,104
decoder.avgpool,105
decoder.avgpool,106
decoder.avgpool,107
decoder.avgpool,108
decoder.avgpool,110
decoder.avgpool,112
decoder.avgpool,113
decoder.avgpool,116
decoder.avgpool,118
decoder.avgpool,119
decoder.avgpool,121
decoder.avgpool,122
decoder.avgpool,123
decoder.avgpool,124
decoder.avgpool,125
decoder.avgpool,126
decoder.avgpool,127
decoder.avgpool,128
decoder.avgpool,129
decoder.avgpool,130
decoder.avgpool,131
decoder.avgpool,133
decoder.avgpool,134
decoder.avgpool,138
decoder.avgpool,139
decoder.avgpool,140
decoder.avgpool,141
decoder.avgpool,142
decoder.avgpool,144
decoder.avgpool,145
decoder.avgpool,147
decoder.avgpool,148
decoder.avgpool,150
decoder.avgpool,152
decoder.avgpool,153
decoder.avgpool,154
decoder.avgpool,155
decoder.avgpool,157
decoder.avgpool,159
decoder.avgpool,160
decoder.avgpool,161
decoder.avgpool,163
decoder.avgpool,164
decoder.avgpool,165
decoder.avgpool,167
decoder.avgpool,168
decoder.avgpool,169
decoder.avgpool,170
decoder.avgpool,171
decoder.avgpool,172
decoder.avgpool,173
decoder.avgpool,175
decoder.avgpool,176
decoder.avgpool,178
decoder.avgpool,179
decoder.avgpool,181
decoder.avgpool,182
decoder.avgpool,183
decoder.avgpool,184
decoder.avgpool,185
decoder.avgpool,186
decoder.avgpool,187
decoder.avgpool,188
decoder.avgpool,189
decoder.avgpool,190
decoder.avgpool,191
decoder.avgpool,192
decoder.avgpool,193
decoder.avgpool,194
decoder.avgpool,195
decoder.avgpool,196
decoder.avgpool,197
decoder.avgpool,199
decoder.avgpool,200
decoder.avgpool,202
decoder.avgpool,203
decoder.avgpool,204
decoder.avgpool,205
decoder.avgpool,206
decoder.avgpool,207
decoder.avgpool,208
decoder.avgpool,209
decoder.avgpool,210
decoder.avgpool,211
decoder.avgpool,212
decoder.avgpool,215
decoder.avgpool,216
decoder.avgpool,217
decoder.avgpool,218
decoder.avgpool,219
decoder.avgpool,220
decoder.avgpool,221
decoder.avgpool,223
decoder.avgpool,226
decoder.avgpool,227
decoder.avgpool,229
decoder.avgpool,230
decoder.avgpool,231
decoder.avgpool,232
decoder.avgpool,233
decoder.avgpool,234
decoder.avgpool,236
decoder.avgpool,238
decoder.avgpool,239
decoder.avgpool,240
decoder.avgpool,242
decoder.avgpool,244
decoder.avgpool,246
decoder.avgpool,247
decoder.avgpool,249
decoder.avgpool,251
decoder.avgpool,253
decoder.avgpool,254
decoder.avgpool,256
decoder.avgpool,257
decoder.avgpool,258
decoder.avgpool,259
decoder.avgpool,260
decoder.avgpool,261
decoder.avgpool,262
decoder.avgpool,263
decoder.avgpool,264
decoder.avgpool,265
decoder.avgpool,266
decoder.avgpool,267
decoder.avgpool,268
decoder.avgpool,269
decoder.avgpool,270
decoder.avgpool,271
decoder.avgpool,272
decoder.avgpool,274
decoder.avgpool,275
decoder.avgpool,276
decoder.avgpool,277
decoder.avgpool,278
decoder.avgpool,279
decoder.avgpool,281
decoder.avgpool,283
decoder.avgpool,284
decoder.avgpool,285
decoder.avgpool,287
decoder.avgpool,289
decoder.avgpool,290
decoder.avgpool,291
decoder.avgpool,292
decoder.avgpool,293
decoder.avgpool,294
decoder.avgpool,295
decoder.avgpool,296
decoder.avgpool,297
decoder.avgpool,299
decoder.avgpool,300
decoder.avgpool,301
decoder.avgpool,302
decoder.avgpool,304
decoder.avgpool,305
decoder.avgpool,307
decoder.avgpool,309
decoder.avgpool,310
decoder.avgpool,311
decoder.avgpool,313
decoder.avgpool,314
decoder.avgpool,315
decoder.avgpool,316
decoder.avgpool,317
decoder.avgpool,318
decoder.avgpool,319
decoder.avgpool,322
decoder.avgpool,323
decoder.avgpool,324
decoder.avgpool,325
decoder.avgpool,326
decoder.avgpool,328
decoder.avgpool,329
decoder.avgpool,331
decoder.avgpool,332
decoder.avgpool,333
decoder.avgpool,334
decoder.avgpool,335
decoder.avgpool,336
decoder.avgpool,337
decoder.avgpool,339
decoder.avgpool,340
decoder.avgpool,341
decoder.avgpool,342
decoder.avgpool,343
decoder.avgpool,344
decoder.avgpool,345
decoder.avgpool,346
decoder.avgpool,347
decoder.avgpool,348
decoder.avgpool,349
decoder.avgpool,352
decoder.avgpool,353
decoder.avgpool,354
decoder.avgpool,355
decoder.avgpool,356
decoder.avgpool,357
decoder.avgpool,359
decoder.avgpool,361
decoder.avgpool,362
decoder.avgpool,363
decoder.avgpool,364
decoder.avgpool,365
decoder.avgpool,366
decoder.avgpool,367
decoder.avgpool,368
decoder.avgpool,369
decoder.avgpool,370
decoder.avgpool,372
decoder.avgpool,373
decoder.avgpool,374
decoder.avgpool,375
decoder.avgpool,376
decoder.avgpool,378
decoder.avgpool,379
decoder.avgpool,381
decoder.avgpool,382
decoder.avgpool,383
decoder.avgpool,384
decoder.avgpool,385
decoder.avgpool,387
decoder.avgpool,389
decoder.avgpool,390
decoder.avgpool,392
decoder.avgpool,393
decoder.avgpool,394
decoder.avgpool,395
decoder.avgpool,396
decoder.avgpool,397
decoder.avgpool,398
decoder.avgpool,401
decoder.avgpool,402
decoder.avgpool,403
decoder.avgpool,404
decoder.avgpool,405
decoder.avgpool,407
decoder.avgpool,409
decoder.avgpool,410
decoder.avgpool,412
decoder.avgpool,413
decoder.avgpool,414
decoder.avgpool,415
decoder.avgpool,416
decoder.avgpool,417
decoder.avgpool,418
decoder.avgpool,420
decoder.avgpool,421
decoder.avgpool,422
decoder.avgpool,425
decoder.avgpool,426
decoder.avgpool,427
decoder.avgpool,428
decoder.avgpool,430
decoder.avgpool,433
decoder.avgpool,434
decoder.avgpool,436
decoder.avgpool,437
decoder.avgpool,438
decoder.avgpool,439
decoder.avgpool,440
decoder.avgpool,441
decoder.avgpool,442
decoder.avgpool,443
decoder.avgpool,444
decoder.avgpool,445
decoder.avgpool,446
decoder.avgpool,447
decoder.avgpool,448
decoder.avgpool,449
decoder.avgpool,450
decoder.avgpool,451
decoder.avgpool,453
decoder.avgpool,454
decoder.avgpool,455
decoder.avgpool,456
decoder.avgpool,458
decoder.avgpool,459
decoder.avgpool,460
decoder.avgpool,461
decoder.avgpool,464
decoder.avgpool,465
decoder.avgpool,466
decoder.avgpool,467
decoder.avgpool,468
decoder.avgpool,469
decoder.avgpool,471
decoder.avgpool,473
decoder.avgpool,475
decoder.avgpool,476
decoder.avgpool,479
decoder.avgpool,480
decoder.avgpool,481
decoder.avgpool,482
decoder.avgpool,483
decoder.avgpool,484
decoder.avgpool,485
decoder.avgpool,486
decoder.avgpool,487
decoder.avgpool,489
decoder.avgpool,490
decoder.avgpool,491
decoder.avgpool,492
decoder.avgpool,493
decoder.avgpool,494
decoder.avgpool,496
decoder.avgpool,497
decoder.avgpool,499
decoder.avgpool,500
decoder.avgpool,501
decoder.avgpool,502
decoder.avgpool,504
decoder.avgpool,505
decoder.avgpool,507
decoder.avgpool,508
decoder.avgpool,509
decoder.avgpool,511
