ACORN,Apple,
Acorn,CANTELOPE,
accorn,FLOWER,
aco,FOX,
acor,Gutair,
acorn,HAT,
acorn?,Plant,
acorns,Squash,
acron,app,
arocn,apples,
,apricot,
,art,
,avacodo,
,banana,
,bee,
,bees,
,beetle,
,berry,
,bet,
,birds,
,branch,
,bug,
,but,
,butterfl,
,car,
,cat,
,caulliflower,
,chimp,
,cocontu,
,corn,
,drawig,
,eegpl,
,eggplant,
,fig,
,flower,
,flowrs,
,fly,
,friuts,
,fruit,
,fruits,
,grape,
,grapes,
,horse,
,ice,
,kiwi,
,ladybug,
,leaf,
,leave,
,lemon,
,lime,
,ma,
,maize,
,mango,
,melons,
,mushroom,
,mushrtooms,
,not a real thing,
,nug,
,nut,
,nuts,
,orange,
,panda,
,parrot,
,pawpaw,
,peanut,
,peas,
,peaunt,
,peaunut,
,pepper,
,phone,
,pieco,
,pig,
,pincone,
,pineapple,
,pineco,
,pinecon,
,pinecone,
,plant,
,potato,
,potatoe,
,raddish,
,rat,
,rice,
,rock,
,rocks,
,santa claus,
,seal,
,shell,
,snail,
,squid,
,stawberry,
,strawberries,
,strawberry,
,texture,
,tiger,
,tomato,
,tuna,
,walnut,
,wood,
,yam,
,,
