Airplane,;amb,
Airplanes,GIRAFFE,
PLANE,GUN,
PLANES,Knife,
Planes,advertising,
aeropl,ae,
aeropla,airport,
aeroplan,arms,
aeroplane,art,
aeroplanere,avion,
aircr,blimp,
aircraft,books,
airlane,car,
airoplane,cars,
airplane,cell,
airplane tails,chair,
airplaner,dog,
airplanes,fish,
areoplane,flashlight,
commercial plane,gun,
eroplane,guns,
jet,helocopter,
jet plane,jety,
model plane,kni,
plNE,missles,
plabe,newspaper,
plabne,pencil,
plae,penguin,
plain,pens,
plan,rifles,
plan texture,rock,
plane,seagull,
plane?,sheep,
plane\,skate,
planes,sketch,
,spaceship,
,submarine,
,wall,
,,
