BANANA,Apple,
Banana,BROCCOLI,
Bananas,Bag,
Banna,CORAL,
banaba,GUITAR,
banan,Melon,
banana,airplane,
bananaa,aligator,
bananan,apple,
bananas,artwork,
bananna,ba,
banannas,baba,
banans,ban,
bannan,boar,
bannana,boat,
bannanna,bottle,
banne,breast,
green bananas,cat,
manana,cells,
nanana\,cheese,
,corn,
,crab,
,crab claw,
,drumstick,
,dryer,
,duck,
,fingers,
,fish,
,flower,
,flowers,
,frogs,
,fruit,
,fruits,
,garlic,
,ggplant,
,helmet,
,leaf,
,lemon,
,lines,
,maize,
,mel,
,melon,
,men,
,mountain,
,mushroom,
,na,
,ocean idk,
,orange,
,oranges,
,pawpaw,
,peeps,
,pen,
,peppers,
,persimmons,
,picle,
,pine,
,pineapple,
,popcorn,
,radish,
,rearend,
,sand,
,shadow,
,sheep,
,sketch,
,snail,
,snakes,
,squid,
,submarine,
,tape measure,
,texture,
,that wasnt a thing,
,tigers,
,turtle,
,violin,
,whale,
,wheels,
,yoghurt,
,,
