CAR,?????,
CARS,CARDS,
Car,Keyboard,
JEEP,PLANE,
acura,bread,
bus,caf,
car,camera,
car sketch,case,
car\,cassette,
cars,computer,
convertible,crab,
corvette,drawing,
datsun,duck,
jeep,flower,
lotus,forest,
mercedes,gearbox,
mini van,giraffe,
minivan,gun,
porsche,guns,
race car,house,
race cars,keys,
racecar,map,
racing car,mirror,
red car,nascar,
sedan car,nissan van,
sport car,painting,
sports car,potato,
suv,puzzle piece,
taxis,rocket,
white cars,rocks,
,shaw,
,sheets,
,shoes,
,sketch,
,sperm,
,texture,
,truck,
,turtle,
,van,
,vehicle,
,washer,
,,
