CAT,BONES,
CATS,Car,
CAT],Lion,
Kitten,Pig,
bobcat,RHINO,
cat,Rabbit,
cats,animal,
kitten,ant,
kittens,bark,
kitty,bats,
lenx,bear,
linx,brocoli,
lynx,bush,
lynz,ca,
white cat,car,
,carmel,
,chick,
,clouds,
,cotton,
,cou,
,country,
,crab,
,deer,
,dirt,
,dog,
,dogs,
,dohg,
,drawing',
,elephant,
,fungus,
,fur,
,ghost,
,grass,
,ground,
,hampster,
,hippos,
,horse,
,huh?,
,hyeena,
,jungle,
,lamb,
,land,
,leaves,
,lemur,
,lion,
,lions,
,marco,
,monkeu,
,monkey,
,monkeys,
,mouse,
,onion,
,owl,
,pig,
,pony,
,popcorn,
,pot,
,rabbit,
,rabbit?,
,rabbits,
,rat,
,rats,
,rock,
,rocks,
,s,
,saber,
,seal,
,sheep,
,snail,
,squirrel,
,starfis,
,tiger,
,zebra,
,,
