CHAIR,GUN,
Chair,Moth,
arm chair,PUZZLE,
armchair,Purse,
cahior,WOOD,
cgair,airport,
chai,art,
chaior,bag,
chair,barrel,
chair',basket,
chairr,black,
chairs,block,
chaor,blocks,
chari,boat,
charir,bow,
chiar,brick,
chir,candy,
folding chair,car,
folding chairs,case,
lawn chairs,cha,
rocking chair,clips,
,copper,
,cover,
,desks,
,dirt,
,dog,
,drawinf,
,drawing,
,drums,
,fish,
,grid,
,guitar,
,guitars,
,gun,
,guns,
,house,
,keyboard,
,nail,
,nails,
,notebook,
,office,
,pattern,
,pencil,
,phone,
,plane,
,planes,
,purse,
,rat,
,seal,
,ship,
,shoe,
,sketch,
,sticks,
,stool,
,table,
,telescope,
,tiletextyre,
,tree,
,wallet,
,watch,
,weapon,
,wood,
,woods,
,,
