CLOCK,?,
Clock,BOOK,
alarm clock,BUTTERFLY,
clcok,Circle,
cloc,Keyboard,
clock,POTATOR,
clock\,SQUID,
clockk,\,
clocks,alamrt,
mounted clock,ants,
wall clock,apple,
,art,
,artwork,
,bag,
,ball,
,bettle,
,book,
,bottle,
,box,
,bread machine,
,cards,
,cell,
,circle,
,cl,
,clot,
,coin,
,compass,
,computer,
,crab,
,dice,
,drawing,
,engine,
,envelopes,
,fish,
,fruit,
,game,
,gu,
,guitar,
,guitars,
,gun,
,hat,
,heater,
,i dont know,
,keyboard,
,kitchen,
,letter,
,luggage,
,mango,
,maze,
,medicine,
,melon,
,metal,
,monkeys,
,mushr,
,orange,
,outlets,
,pattern,
,phone,
,plate,
,printer,
,puzzle,
,rabbit,
,rat,
,safe,
,seat buckel,
,sewing machine,
,sketch,
,speedometer,
,spider,
,spiders,
,square,
,stand,
,suitcase,
,syring,
,television,
,texture,
,thmo,
,timer,
,tomato,
,top hat,
,violin,
,w,
,watch,
,watches,
,water,
,wheel,
,wires,
,,
