ALLIGATOR,?,
Alligator,CLOUD,
CROCADILE,CROC,
CROCODIL,CROCK,
CROCODILE,GUN,
aligaror,Horse,
aligator,Mushroom,
aliigator,RATS,
allegaror,Snakes,
alligaor,Whale,
alligat,adger,
alligato,animal,
alligatoior,animals,
alligator,aniomelk,
alligators,armadillo,
crcod,artwork,
crocidile,bark,
croco0dille,beetle,
crocod,c,
crocodi,ca,
crocodil,camel,
crocodile,cat,
crocodiles,claw,
crocodilr,cloud,
crocodle,corc,
crocoduile,corn,
crocodul,crab,
crocodule,cro,
gator,croc,
gator',dirt,
gators,drawing,
,duffel bag,
,eggplant,
,elephant,
,elephants,
,feet,
,fish,
,flowers,
,forest,
,frog,
,fruit,
,garbage;,
,garot,
,giraffe,
,goay,
,gun,
,hammer,
,hippo,
,honey,
,horses,
,hyena,
,iguana,
,leaves,
,lines,
,lint,
,lizar,
,lizard,
,metal,
,mice,
,mo,
,mountain,
,ocean,
,octupus,
,penguins,
,rat,
,rocks,
,sand,
,shark,
,shoe,
,snail,
,snake,
,snakes,
,sq,
,squid,
,squirrel,
,texture,
,tide,
,tigers,
,tile texture,
,turtle,
,umbrella,
,waves,
,wood,
,wooden trunk,
,,
