n01697457,African_crocodile
n01697457,Nile_crocodile
n01697457,Crocodylus_niloticus
n01699040,caiman
n01699040,cayman
n01699675,gavial
n01699675,Gavialis_gangeticus
n01698640,American_alligator
n01698640,Alligator_mississipiensis
n01696633,crocodilian_reptile
n01696633,crocodilian
n01698782,Chinese_alligator
n01698782,Alligator_sinensis
n01697749,Morlett's_crocodile
n01699254,spectacled_caiman
n01699254,Caiman_sclerops
n01697178,crocodile
n01697978,false_gavial
n01697978,Tomistoma_schlegeli
n01697611,Asian_crocodile
n01697611,Crocodylus_porosus
n01698434,alligator
n01698434,gator
