DOG,BEAR,
Dog,BEARS,
dgo,HORSES,
dog,Hippo,
doggie,SEAL,
doggy,animal,
dogs,artwork,
labrador retriever,ball,
puppies,bear,
puppy,birds,
sheep dog,bush,
sheepdog,calf,
white dog,camel,
,cat,
,corn,
,cow,
,cows,
,coyotes,
,crabs,
,deer,
,do,
,elephant,
,folks,
,fur,
,goat,
,goat?,
,goats,
,goose,
,hampster,
,hamster,
,hor,
,horse,
,horses,
,hyena,
,kangaroo,
,leaves,
,lion,
,meerkat,
,mice,
,monkey,
,panda,
,panther,
,pig,
,polar bear,
,polar bears,
,popcorn,
,rabbit,
,rat,
,rocks,
,seal,
,sheep,
,skin,
,snail,
,squirrel,
,t,
,texture,
,tiger,
,tits,
,waves,
,wood,
,,
