n11889619,candytuft
n11725623,thimbleweed
n11725623,Anemone_cylindrica
n12914923,verbena
n12914923,vervain
n12836862,scorpionweed
n12836862,scorpion_weed
n12836862,phacelia
n11936113,Eastern_silvery_aster
n11920663,winged_everlasting
n11920663,Ammobium_alatum
n12076577,moth_orchid
n12076577,moth_plant
n12075151,spider_orchid
n12054678,helmetflower
n12054678,helmet_orchid
n11809754,fringed_pink
n11809754,Dianthus_supurbus
n11719286,peony
n11719286,paeony
n12291143,lesser_centaury
n12291143,Centaurium_minus
n12065316,fringed_orchis
n12065316,fringed_orchid
n12361946,rex_begonia
n12361946,king_begonia
n12361946,painted-leaf_begonia
n12361946,beefsteak_geranium
n12361946,Begonia_rex
n12048399,caladenia
n12030654,crownbeard
n12030654,crown-beard
n12030654,crown_beard
n12059314,dendrobium
n12361754,star_begonia
n12361754,star-leaf_begonia
n12361754,Begonia_heracleifolia
n11840067,California_four_o'clock
n11840067,Mirabilis_laevis
n11840067,Mirabilis_californica
n12890490,field_speedwell
n12890490,Veronica_agrestis
n12093329,cyclamen
n12093329,Cyclamen_purpurascens
n11792341,spathiphyllum
n11792341,peace_lily
n11792341,spathe_flower
n12294871,great_yellow_gentian
n12294871,Gentiana_lutea
n12065649,frog_orchid
n12034594,little_golden_zinnia
n12034594,Zinnia_grandiflora
n12074867,bee_orchid
n12074867,Ophrys_apifera
n12045860,arethusa
n11815721,moss_campion
n11815721,Silene_acaulis
n11736694,nigella
n12072722,masdevallia
n12884100,blue_toadflax
n12884100,old-field_toadflax
n12884100,Linaria_canadensis
n11971927,Barberton_daisy
n11971927,Transvaal_daisy
n11971927,Gerbera_jamesonii
n12084158,hooded_ladies'_tresses
n12084158,Spiranthes_romanzoffiana
n12837259,California_bluebell
n12837259,whitlavia
n12837259,Phacelia_minor
n12837259,Phacelia_whitlavia
n11989869,oxeye_daisy
n11989869,ox-eyed_daisy
n11989869,marguerite
n11989869,moon_daisy
n11989869,white_daisy
n11989869,Leucanthemum_vulgare
n11989869,Chrysanthemum_leucanthemum
n12031388,gravelweed
n12031388,Verbesina_helianthoides
n12475035,bellwort
n12475035,merry_bells
n12475035,wild_oats
n12418507,wandflower
n12418507,Sparaxis_tricolor
n11815918,wild_pink
n11815918,Silene_caroliniana
n12892013,thyme-leaved_speedwell
n12892013,Veronica_serpyllifolia
n11901452,western_poppy
n11901452,Papaver_californicum
n12061614,butterfly_orchid
n12061614,butterfly_orchis
n12061614,Epidendrum_venosum
n12061614,Encyclia_venosa
n12068615,Alaska_rein_orchid
n12068615,Habenaria_unalascensis
n11806814,thyme-leaved_sandwort
n11806814,Arenaria_serpyllifolia
n11990167,oxeye_daisy
n11990167,Leucanthemum_maximum
n11990167,Chrysanthemum_maximum
n12070016,laelia
n11961446,cape_marigold
n11961446,sun_marigold
n11961446,star_of_the_veldt
n12035631,blazing_star
n12035631,Mentzelia_livicaulis
n12035631,Mentzelia_laevicaulis
n11978713,common_sunflower
n11978713,mirasol
n11978713,Helianthus_annuus
n12362668,hybrid_tuberous_begonia
n12362668,Begonia_tuberhybrida
n12075010,fly_orchid
n12075010,Ophrys_insectifera
n12075010,Ophrys_muscifera
n11908549,wind_poppy
n11908549,flaming_poppy
n11908549,Stylomecon_heterophyllum
n11908549,Papaver_heterophyllum
n11935187,Short's_aster
n11935187,Aster_shortii
n12837466,fiddleneck
n12837466,Phacelia_tanacetifolia
n12683791,field_scabious
n12683791,Scabiosa_arvensis
n11958080,cosmos
n11958080,cosmea
n11971783,African_daisy
n12078451,prairie_white-fringed_orchid
n12078451,Platanthera_leucophea
n12057895,clustered_lady's_slipper
n12057895,Cypripedium_fasciculatum
n12023726,tansy
n12023726,golden_buttons
n12023726,scented_fern
n12023726,Tanacetum_vulgare
n11669921,flower
n12030908,wingstem
n12030908,golden_ironweed
n12030908,yellow_ironweed
n12030908,golden_honey_plant
n12030908,Verbesina_alternifolia
n12030908,Actinomeris_alternifolia
n12053962,striped_coral_root
n12053962,Corallorhiza_striata
n12009047,golden_glow
n12009047,double_gold
n12009047,hortensia
n12009047,Rudbeckia_laciniata_hortensia
n11900569,poppy
n12069217,Texas_purple_spike
n12069217,Hexalectris_warnockii
n12084400,western_ladies'_tresses
n12084400,Spiranthes_porrifolia
n11955896,mistflower
n11955896,mist-flower
n11955896,ageratum
n11955896,Conoclinium_coelestinum
n11955896,Eupatorium_coelestinum
n11808299,sweet_William
n11808299,Dianthus_barbatus
n12291564,broad_leaved_centaury
n12837052,California_bluebell
n12837052,Phacelia_campanularia
n12044041,showy_orchis
n12044041,purple_orchis
n12044041,purple-hooded_orchis
n12044041,Orchis_spectabilis
n12891305,germander_speedwell
n12891305,bird's_eye
n12891305,Veronica_chamaedrys
n11970101,cotton_rose
n11970101,cudweed
n11970101,filago
n11936027,crooked-stemmed_aster
n11901977,oriental_poppy
n11901977,Papaver_orientale
n12052447,frog_orchid
n12052447,Coeloglossum_viride
n12055073,swan_orchid
n12055073,swanflower
n12055073,swan-flower
n12055073,swanneck
n12055073,swan-neck
n11936707,rush_aster
n12360958,Christmas_begonia
n12360958,blooming-fool_begonia
n12360958,Begonia_cheimantha
n12058192,mountain_lady's_slipper
n12058192,Cypripedium_montanum
n12360684,tuberous_begonia
n11923174,mayweed
n11923174,dog_fennel
n11923174,stinking_mayweed
n11923174,stinking_chamomile
n11923174,Anthemis_cotula
n12078172,greater_butterfly_orchid
n12078172,Platanthera_chlorantha
n12078172,Habenaria_chlorantha
n12833985,streptocarpus
n11812094,mullein_pink
n11812094,rose_campion
n11812094,gardener's_delight
n11812094,dusty_miller
n11812094,Lychnis_coronaria
n11794024,pink_calla
n11794024,Zantedeschia_rehmanii
n12043836,butterfly_orchid
n12043836,butterfly_orchis
n12043836,Orchis_papilionaceae
n11950877,crown_daisy
n11950877,Chrysanthemum_coronarium
n11809437,button_pink
n11809437,Dianthus_latifolius
n11915899,everlasting
n11915899,everlasting_flower
n12066630,purple-fringed_orchid
n12066630,purple-fringed_orchis
n12066630,Habenaria_fimbriata
n11962272,coneflower
n12008487,black-eyed_Susan
n12008487,Rudbeckia_hirta
n12008487,Rudbeckia_serotina
n12290975,rosita
n12290975,Centaurium_calycosum
n11972759,cudweed
n11960245,dahlia
n11960245,Dahlia_pinnata
n12047345,brassavola
n12080588,Psychopsis_krameriana
n12080588,Oncidium_papilio_kramerianum
n12052787,coelogyne
n11721337,lesser_celandine
n11721337,pilewort
n11721337,Ranunculus_ficaria
n11915214,composite
n11915214,composite_plant
n11725821,wood_anemone
n11725821,Anemone_nemorosa
n12043673,male_orchis
n12043673,early_purple_orchid
n12043673,Orchis_mascula
n11979715,Jerusalem_artichoke
n11979715,girasol
n11979715,Jerusalem_artichoke_sunflower
n11979715,Helianthus_tuberosus
n11943660,common_marigold
n11943660,pot_marigold
n11943660,ruddles
n11943660,Scotch_marigold
n11943660,Calendula_officinalis
n11901294,Iceland_poppy
n11901294,Papaver_alpinum
n12909759,violet-flowered_petunia
n12909759,Petunia_integrifolia
n11892181,Virginian_stock
n11892181,Virginia_stock
n11892181,Malcolmia_maritima
n12084890,stanhopea
n12076223,phaius
n11936369,panicled_aster
n11936946,smooth_aster
n12020736,African_marigold
n12020736,big_marigold
n12020736,Aztec_marigold
n12020736,Tagetes_erecta
n12064389,fragrant_orchid
n12064389,Gymnadenia_conopsea
n12890928,corn_speedwell
n12890928,Veronica_arvensis
n12898774,bush_violet
n12898774,browallia
n11737125,black_caraway
n11737125,nutmeg_flower
n11737125,Roman_coriander
n11737125,Nigella_sativa
n12360534,fibrous-rooted_begonia
n11935715,aromatic_aster
n12030092,ursinia
n11904109,corydalis
n12013701,narrow-leaved_white-topped_aster
n12291459,seaside_centaury
n12079523,pleurothallis
n12075830,Venus'_slipper
n12075830,Venus's_slipper
n12075830,Venus's_shoe
n12066821,coastal_rein_orchid
n12066821,Habenaria_greenei
n12834190,Cape_primrose
n12074408,oncidium
n12074408,dancing_lady_orchid
n12074408,butterfly_plant
n12074408,butterfly_orchid
n11921395,pearly_everlasting
n11921395,cottonweed
n11921395,Anaphalis_margaritacea
n12360108,begonia
n12069679,lizard_orchid
n12069679,Himantoglossum_hircinum
n11941924,Swan_River_daisy
n11941924,Brachycome_Iberidifolia
n11980318,strawflower
n11980318,golden_everlasting
n11980318,yellow_paper_daisy
n11980318,Helichrysum_bracteatum
n11925303,African_daisy
n11883328,wallflower
n11883328,Cheiranthus_cheiri
n11883328,Erysimum_cheiri
n11816336,white_campion
n11816336,evening_lychnis
n11816336,white_cockle
n11816336,bladder_campion
n11816336,Silene_latifolia
n11816336,Lychnis_alba
n12831141,lace-flower_vine
n12831141,Alsobia_dianthiflora
n12831141,Episcia_dianthiflora
n12056758,common_lady's-slipper
n12056758,showy_lady's-slipper
n12056758,showy_lady_slipper
n12056758,Cypripedium_reginae
n12056758,Cypripedium_album
n11935877,azure_aster
n12951146,red_valerian
n12951146,French_honeysuckle
n12951146,Centranthus_ruber
n12026476,Easter_daisy
n12026476,stemless_daisy
n12026476,Townsendia_Exscapa
n12480456,tuberose
n12480456,Polianthes_tuberosa
n12063639,rattlesnake_plantain
n12063639,helleborine
n11932927,whorled_aster
n11932927,Aster_acuminatus
n12093600,sowbread
n12093600,Cyclamen_hederifolium
n12093600,Cyclamen_neopolitanum
n12049282,grass_pink
n12049282,Calopogon_pulchellum
n12049282,Calopogon_tuberosum
n11936448,perennial_salt_marsh_aster
n12085664,fly_orchid
n11888800,damask_violet
n11888800,Dame's_violet
n11888800,sweet_rocket
n11888800,Hesperis_matronalis
n11948469,sweet_sultan
n11948469,Centaurea_imperialis
n11934616,New_England_aster
n11934616,Aster_novae-angliae
n12067672,snowy_orchid
n12067672,Habenaria_nivea
n11806369,pine-barren_sandwort
n11806369,longroot
n11806369,Arenaria_caroliniana
n11887119,wallflower
n11918286,ageratum
n11811473,lychnis
n11811473,catchfly
n12833149,African_violet
n12833149,Saintpaulia_ionantha
n11887310,prairie_rocket
n12048056,spider_orchid
n12048056,Brassia_verrucosa
n11737009,fennel_flower
n11737009,Nigella_hispanica
n11933099,heath_aster
n11933099,Aster_arenosus
n11937195,tradescant's_aster
n11969607,blue_daisy
n11969607,blue_marguerite
n11969607,Felicia_amelloides
n12047884,spider_orchid
n12047884,Brassia_lawrenceana
n11811706,ragged_robin
n11811706,cuckoo_flower
n11811706,Lychnis_flos-cuculi
n11811706,Lychins_floscuculi
n12683407,scabious
n12683407,scabiosa
n12830222,achimenes
n12830222,hot_water_plant
n11806521,seabeach_sandwort
n11806521,Arenaria_peploides
n11969806,kingfisher_daisy
n11969806,Felicia_bergeriana
n12066451,elegant_Habenaria
n12066451,Habenaria_elegans
n12252383,oconee_bells
n12252383,Shortia_galacifolia
n12909614,large_white_petunia
n12909614,Petunia_axillaris
n11906514,plume_poppy
n11906514,bocconia
n11906514,Macleaya_cordata
n11978961,giant_sunflower
n11978961,tall_sunflower
n11978961,Indian_potato
n11978961,Helianthus_giganteus
n12031547,Virginia_crownbeard
n12031547,frostweed
n12031547,frost-weed
n12031547,Verbesina_virginica
n12022054,painted_daisy
n12022054,pyrethrum
n12022054,Tanacetum_coccineum
n12022054,Chrysanthemum_coccineum
n11946918,blue_succory
n11946918,cupid's_dart
n11946918,Catananche_caerulea
n11936624,rough-leaved_aster
n12295429,striped_gentian
n12295429,Gentiana_villosa
n11937023,southern_aster
n12001707,cineraria
n12001707,Pericallis_cruenta
n12001707,Senecio_cruentus
n11937278,wavy-leaved_aster
n12083847,screw_augur
n12083847,Spiranthes_cernua
n12049562,calypso
n12049562,fairy-slipper
n12049562,Calypso_bulbosa
n12050014,jumping_orchid
n12050014,Catasetum_macrocarpum
n11812910,sandwort
n11812910,Moehringia_lateriflora
n12086539,vanilla
n11935794,arrow_leaved_aster
n12070583,twayblade
n11972959,chafeweed
n11972959,wood_cudweed
n11972959,Gnaphalium_sylvaticum
n11915658,compass_plant
n11915658,compass_flower
n11939491,daisy
n11961100,florist's_chrysanthemum
n11961100,florists'_chrysanthemum
n11961100,mum
n11961100,Dendranthema_grandifloruom
n11961100,Chrysanthemum_morifolium
n12293723,gentian
n11726145,longheaded_thimbleweed
n11726145,Anemone_riparia
n12067433,prairie_orchid
n12067433,prairie_white-fringed_orchis
n12067433,Habenaria_leucophaea
n12078747,tangle_orchid
n12067817,round-leaved_rein_orchid
n12067817,Habenaria_orbiculata
n11857696,portulaca
n11918808,sweet_sultan
n11918808,Amberboa_moschata
n11918808,Centaurea_moschata
n11934041,stiff_aster
n11934041,Aster_linarifolius
n12031139,cowpen_daisy
n12031139,golden_crownbeard
n12031139,golden_crown_beard
n12031139,butter_daisy
n12031139,Verbesina_encelioides
n12031139,Ximenesia_encelioides
n12034141,zinnia
n12034141,old_maid
n12034141,old_maid_flower
n12053690,spotted_coral_root
n12053690,Corallorhiza_maculata
n11807979,pink
n11807979,garden_pink
n12069009,crested_coral_root
n12069009,Hexalectris_spicata
n12362514,Socotra_begonia
n12362514,Begonia_socotrana
n11937360,Western_silvery_aster
n12044784,angrecum
n11935330,sea_aster
n11935330,sea_starwort
n11935330,Aster_tripolium
n12061380,butterfly_orchid
n12061380,Encyclia_tampensis
n12061380,Epidendrum_tampense
n11950345,chrysanthemum
n11727091,columbine
n11727091,aquilegia
n11727091,aquilege
n11935953,bog_aster
n12066261,white_fringed_orchis
n12066261,white_fringed_orchid
n12066261,Habenaria_albiflora
n11896141,schizopetalon
n11896141,Schizopetalon_walkeri
n12296045,felwort
n12296045,gentianella_amarella
n12043444,orchis
n12077244,rattlesnake_orchid
n11907100,Welsh_poppy
n11907100,Meconopsis_cambrica
n12065777,rein_orchid
n12065777,rein_orchis
n11883628,prairie_rocket
n11978233,sunflower
n11978233,helianthus
n12033709,immortelle
n12033709,Xeranthemum_annuum
n12084555,European_ladies'_tresses
n12084555,Spiranthes_spiralis
n12056990,ram's-head
n12056990,ram's-head_lady's_slipper
n12056990,Cypripedium_arietinum
n12083113,sobralia
n12057211,yellow_lady's_slipper
n12057211,yellow_lady-slipper
n12057211,Cypripedium_calceolus
n12057211,Cypripedium_parviflorum
n11939699,common_daisy
n11939699,English_daisy
n11939699,Bellis_perennis
n11917407,pink-and-white_everlasting
n11917407,pink_paper_daisy
n11917407,Acroclinium_roseum
n12007766,Swan_River_everlasting
n12007766,rhodanthe
n12007766,Rhodanthe_manglesii
n12007766,Helipterum_manglesii
n12291671,slender_centaury
n12079963,pogonia
n12013511,white-topped_aster
n11806679,rock_sandwort
n11806679,Arenaria_stricta
n12883628,gerardia
n12606438,commelina
n11981192,strawflower
n12046028,bog_rose
n12046028,wild_pink
n12046028,dragon's_mouth
n12046028,Arethusa_bulbosa
n12046815,Bletilla_striata
n12046815,Bletia_striata
n12075299,early_spider_orchid
n12075299,Ophrys_sphegodes
n11937102,starved_aster
n11937102,calico_aster
n12063211,tongueflower
n12063211,tongue-flower
n11888424,heliophila
n12086778,vanilla_orchid
n12086778,Vanilla_planifolia
n12041446,orchid
n12041446,orchidaceous_plant
n12020941,French_marigold
n12020941,Tagetes_patula
n12060546,phantom_orchid
n12060546,snow_orchid
n12060546,Eburophyton_austinae
n11891175,sweet_alyssum
n11891175,sweet_alison
n11891175,Lobularia_maritima
n11979527,prairie_sunflower
n11979527,Helianthus_petiolaris
n11992479,Texas_star
n11992479,Lindheimera_texana
n11725480,Canada_anemone
n11725480,Anemone_Canadensis
n11958888,billy_buttons
n12023407,dusty_miller
n12023407,silver-lace
n12023407,silver_lace
n12023407,Tanacetum_ptarmiciflorum
n12023407,Chrysanthemum_ptarmiciflorum
n11887476,Siberian_wall_flower
n11887476,Erysimum_allionii
n11887476,Cheiranthus_allionii
n11935627,annual_salt-marsh_aster
n12001924,florest's_cineraria
n12001924,Pericallis_hybrida
n12077944,lesser_butterfly_orchid
n12077944,Platanthera_bifolia
n12077944,Habenaria_bifolia
n12086012,vanda
n12296929,Gentianopsis_detonsa
n12296929,Gentiana_detonsa
n12056601,moccasin_flower
n12056601,nerveroot
n12056601,Cypripedium_acaule
n11727540,blue_columbine
n11727540,Aquilegia_caerulea
n11727540,Aquilegia_scopulorum_calcarea
n11988596,tidytips
n11988596,tidy_tips
n11988596,Layia_platyglossa
n11936782,Schreiber's_aster
n12079120,Indian_crocus
n12053405,coral_root
n12015221,rosinweed
n12015221,Silphium_laciniatum
n11727358,meeting_house
n11727358,honeysuckle
n11727358,Aquilegia_canadensis
n11946727,catananche
n12683571,sweet_scabious
n12683571,pincushion_flower
n12683571,mournful_widow
n12683571,Scabiosa_atropurpurea
n12034384,white_zinnia
n12034384,Zinnia_acerosa
n11816121,red_campion
n11816121,red_bird's_eye
n11816121,Silene_dioica
n11816121,Lychnis_dioica
n12475242,strawflower
n12475242,cornflower
n12475242,Uvularia_grandiflora
n12290748,centaury
n12068432,purple-fringed_orchid
n12068432,purple-fringed_orchis
n12068432,Habenaria_psycodes
n11932745,wood_aster
n12081649,foxtail_orchid
n11999656,cascade_everlasting
n11999656,Ozothamnus_secundiflorus
n11999656,Helichrysum_secundiflorum
n12008252,coneflower
n11979187,showy_sunflower
n11979187,Helianthus_laetiflorus
n12044467,aerides
n12909917,hybrid_petunia
n12909917,Petunia_hybrida
n11906917,blue_poppy
n11906917,Meconopsis_betonicifolia
n11839460,umbrellawort
n12050533,cattleya
n12067193,ragged_orchid
n12067193,ragged_orchis
n12067193,ragged-fringed_orchid
n12067193,green_fringed_orchis
n12067193,Habenaria_lacera
n12891824,purslane_speedwell
n12891824,Veronica_peregrina
n11810358,baby's_breath
n11810358,babies'-breath
n11810358,Gypsophila_paniculata
n12252168,shortia
n12068138,purple_fringeless_orchid
n12068138,purple_fringeless_orchis
n12068138,Habenaria_peramoena
n11725015,anemone
n11725015,windflower
n12071259,broad-leaved_twayblade
n12071259,Listera_convallarioides
n11943407,calendula
n12055516,cymbid
n12055516,cymbidium
n11840246,sweet_four_o'clock
n11840246,maravilla
n11840246,Mirabilis_longiflora
n11814584,soapwort
n11814584,hedge_pink
n11814584,bouncing_Bet
n11814584,bouncing_Bess
n11814584,Saponaria_officinalis
n12008749,cutleaved_coneflower
n12008749,Rudbeckia_laciniata
n12062626,Epipactis_helleborine
n12360817,rhizomatous_begonia
n11933546,bushy_aster
n11933546,Aster_dumosus
n12295033,marsh_gentian
n12295033,calathian_violet
n12295033,Gentiana_pneumonanthe
n11936864,small_white_aster
n11809594,cottage_pink
n11809594,grass_pink
n11809594,Dianthus_plumarius
n11793779,calla_lily
n11793779,calla
n11793779,arum_lily
n11793779,Zantedeschia_aethiopica
n11936199,flat-topped_white_aster
n12877838,Mediterranean_snapdragon
n12877838,Antirrhinum_majus
n11918473,common_ageratum
n11918473,Ageratum_houstonianum
n11934239,goldilocks
n11934239,goldilocks_aster
n11934239,Aster_linosyris
n11934239,Linosyris_vulgaris
n12085267,stelis
n11907405,creamcups
n11907405,Platystemon_californicus
n11836327,scarlet_musk_flower
n11836327,Nyctaginia_capitata
n11934807,Michaelmas_daisy
n11934807,New_York_aster
n11934807,Aster_novi-belgii
n12035907,bartonia
n12035907,Mentzelia_lindleyi
n12064591,short-spurred_fragrant_orchid
n12064591,Gymnadenia_odoratissima
n12045514,puttyroot
n12045514,adam-and-eve
n12045514,Aplectrum_hyemale
n12057447,large_yellow_lady's_slipper
n12057447,Cypripedium_calceolus_pubescens
n11808721,china_pink
n11808721,rainbow_pink
n11808721,Dianthus_chinensis
n12056099,cypripedia
n11892029,Malcolm_stock
n11892029,stock
n11931918,aster
n11934463,large-leaved_aster
n11934463,Aster_macrophyllus
n11947802,cornflower
n11947802,bachelor's_button
n11947802,bluebottle
n11947802,Centaurea_cyanus
n11857875,rose_moss
n11857875,sun_plant
n11857875,Portulaca_grandiflora
n12081215,helmet_orchid
n12081215,greenhood
n12059625,disa
n11933728,heath_aster
n11933728,Aster_ericoides
n11901597,prickly_poppy
n11901597,Papaver_argemone
n11933257,heart-leaved_aster
n11933257,Aster_cordifolius
n12062781,stream_orchid
n12062781,chatterbox
n12062781,giant_helleborine
n12062781,Epipactis_gigantea
n11892817,brompton_stock
n11892817,Matthiola_incana
n12294542,explorer's_gentian
n12294542,Gentiana_calycosa
n12909421,petunia
n12071477,lesser_twayblade
n12071477,Listera_cordata
n11811921,scarlet_lychnis
n11811921,maltese_cross
n11811921,Lychins_chalcedonica
n12295237,soapwort_gentian
n12295237,Gentiana_saponaria
n11808468,carnation
n11808468,clove_pink
n11808468,gillyflower
n11808468,Dianthus_caryophyllus
n12056217,lady's_slipper
n12056217,lady-slipper
n12056217,ladies'_slipper
n12056217,slipper_orchid
n12799776,woodland_star
n12799776,Lithophragma_affine
n12799776,Lithophragma_affinis
n12799776,Tellima_affinis
n11923637,corn_chamomile
n11923637,field_chamomile
n11923637,corn_mayweed
n11923637,Anthemis_arvensis
n11733054,delphinium
n11859275,Carolina_spring_beauty
n11859275,Claytonia_caroliniana
n11733312,larkspur
n11821184,ice_plant
n11821184,icicle_plant
n11821184,Mesembryanthemum_crystallinum
n12046428,bletia
n11905749,horn_poppy
n11905749,horned_poppy
n11905749,yellow_horned_poppy
n11905749,sea_poppy
n11905749,Glaucium_flavum
n11937446,willow_aster
n12073217,maxillaria
n11725973,wood_anemone
n11725973,snowdrop
n11725973,Anemone_quinquefolia
n11901759,Iceland_poppy
n11901759,arctic_poppy
n11901759,Papaver_nudicaule
n12083591,ladies'_tresses
n12083591,lady's_tresses
n12076852,butterfly_plant
n12076852,Phalaenopsis_amabilis
n12082131,orange-blossom_orchid
n12082131,Sarcochilus_falcatus
n11815491,silene
n11815491,campion
n11815491,catchfly
n12296735,Gentianopsis_crinita
n12296735,Gentiana_crinita
n11943992,China_aster
n11943992,Callistephus_chinensis
n12080395,butterfly_orchid
n11935469,prairie_aster
n11935469,Aster_turbinellis
n12294331,closed_gentian
n12294331,blind_gentian
n12294331,bottle_gentian
n12294331,Gentiana_andrewsii
n12045157,jewel_orchid
n12444095,Christmas_bells
n12051103,red_helleborine
n12051103,Cephalanthera_rubra
n11902200,corn_poppy
n11902200,field_poppy
n11902200,Flanders_poppy
n11902200,Papaver_rhoeas
n11971248,gazania
n12890265,veronica
n12890265,speedwell
n12297110,Gentianopsid_procera
n12297110,Gentiana_procera
n12057660,California_lady's_slipper
n12057660,Cypripedium_californicum
n11725311,Alpine_anemone
n11725311,mountain_anemone
n11725311,Anemone_tetonensis
n11813077,sandwort
n11813077,Moehringia_mucosa
n12051514,spreading_pogonia
n12051514,funnel-crest_rosebud_orchid
n12051514,Cleistes_divaricata
n12051514,Pogonia_divaricata
n11987511,prickly_lettuce
n11987511,horse_thistle
n11987511,Lactuca_serriola
n11987511,Lactuca_scariola
n11992806,African_daisy
n11992806,yellow_ageratum
n11992806,Lonas_inodora
n11992806,Lonas_annua
n11732567,rocket_larkspur
n11732567,Consolida_ambigua
n11732567,Delphinium_ajacis
n12066018,bog_rein_orchid
n12066018,bog_candles
n12066018,Habenaria_dilatata
n11820965,fig_marigold
n11820965,pebble_plant
n12913144,butterfly_flower
n12913144,poor_man's_orchid
n12913144,schizanthus
n11794139,golden_calla
n12295796,agueweed
n12295796,ague_weed
n12295796,five-flowered_gentian
n12295796,stiff_gentian
n12295796,Gentianella_quinquefolia
n12295796,Gentiana_quinquefolia
n12067029,Hooker's_orchid
n12067029,Habenaria_hookeri
n12361135,angel-wing_begonia
n12361135,Begonia_cocchinea
n11933387,white_wood_aster
n11933387,Aster_divaricatus
n12020184,stokes'_aster
n12020184,cornflower_aster
n12020184,Stokesia_laevis
n12071744,twayblade
n12071744,Listera_ovata
n12073991,odontoglossum
n11859737,Virginia_spring_beauty
n11859737,Claytonia_virginica
n12297280,Gentianopsis_thermalis
n12297280,Gentiana_thermalis
n12073554,pansy_orchid
n12297507,tufted_gentian
n12297507,Gentianopsis_holopetala
n12297507,Gentiana_holopetala
n12050959,helleborine
n12070712,fen_orchid
n12070712,fen_orchis
n12070712,Liparis_loeselii
n12062468,helleborine
n12052267,satyr_orchid
n12052267,Coeloglossum_bracteatum
n11809094,maiden_pink
n11809094,Dianthus_deltoides
n12070381,liparis
n12020507,marigold
n12051792,rosebud_orchid
n12051792,Cleistes_rosea
n12051792,Pogonia_rosea
n11923397,yellow_chamomile
n11923397,golden_marguerite
n11923397,dyers'_chamomile
n11923397,Anthemis_tinctoria
n11736851,love-in-a-mist
n11736851,Nigella_damascena
n11809271,cheddar_pink
n11809271,Diangus_gratianopolitanus
n12362274,wax_begonia
n12362274,Begonia_semperflorens
n12058822,common_spotted_orchid
n12058822,Dactylorhiza_fuchsii
n12058822,Dactylorhiza_maculata_fuchsii
n12054195,early_coral_root
n12054195,pale_coral_root
n12054195,Corallorhiza_trifida
n12072210,green_adder's_mouth
n12072210,Malaxis-unifolia
n12072210,Malaxis_ophioglossoides
n11818636,cowherb
n11818636,cow_cockle
n11818636,Vaccaria_hispanica
n11818636,Vaccaria_pyramidata
n11818636,Saponaria_vaccaria
n12884260,toadflax
n12884260,butter-and-eggs
n12884260,wild_snapdragon
n12884260,devil's_flax
n12884260,Linaria_vulgaris
n11840764,mountain_four_o'clock
n11840764,Mirabilis_oblongifolia
n11826198,globe_amaranth
n11826198,bachelor's_button
n11826198,Gomphrena_globosa
n11672269,bloomer
n11808932,Japanese_pink
n11808932,Dianthus_chinensis_heddewigii
n12026018,Mexican_sunflower
n12026018,tithonia
n12048537,zebra_orchid
n12048537,Caladenia_cairnsiana
n11816829,bladder_campion
n11816829,Silene_uniflora
n11816829,Silene_vulgaris
n11958499,brass_buttons
n11958499,Cotula_coronopifolia
n12080820,Psychopsis_papilio
n12080820,Oncidium_papilio
n11892637,stock
n11892637,gillyflower
n11905392,California_poppy
n11905392,Eschscholtzia_californica
n12361560,beefsteak_begonia
n12361560,kidney_begonia
n12361560,Begonia_erythrophylla
n12361560,Begonia_feastii
n12294124,gentianella
n12294124,Gentiana_acaulis
n11903671,celandine
n11903671,greater_celandine
n11903671,swallowwort
n11903671,swallow_wort
n11903671,Chelidonium_majus
n11951052,chop-suey_greens
n11951052,tong_ho
n11951052,shun_giku
n11951052,Chrysanthemum_coronarium_spatiosum
n11726269,snowdrop_anemone
n11726269,snowdrop_windflower
n11726269,Anemone_sylvestris
n12062105,epidendron
n12048928,calanthe
n12291292,tufted_centaury
n12291292,Centaurium_scilloides
n11839568,four_o'clock
n11990313,shasta_daisy
n11990313,Leucanthemum_superbum
n11990313,Chrysanthemum_maximum_maximum
n12877493,white_snapdragon
n12877493,Antirrhinum_coulterianum
n11979354,Maximilian's_sunflower
n11979354,Helianthus_maximilianii
n12877637,yellow_twining_snapdragon
n12877637,Antirrhinum_filipes
n11840476,desert_four_o'clock
n11840476,Colorado_four_o'clock
n11840476,maravilla
n11840476,Mirabilis_multiflora
n11727738,granny's_bonnets
n11727738,Aquilegia_vulgaris
n12879527,calceolaria
n12879527,slipperwort
n11935027,upland_white_aster
n11935027,Aster_ptarmicoides
n11936287,late_purple_aster
n12086192,blue_orchid
n12086192,Vanda_caerulea
n11970298,herba_impia
n11970298,Filago_germanica
n12058630,marsh_orchid
n11805956,sandwort
n12061104,tulip_orchid
n12061104,Encyclia_citrina
n12061104,Cattleya_citrina
n11978551,swamp_sunflower
n11978551,Helianthus_angustifolius
n11971406,treasure_flower
n11971406,Gazania_rigens
n12891643,common_speedwell
n12891643,gypsyweed
n12891643,Veronica_officinalis
n11806219,mountain_sandwort
n11806219,mountain_starwort
n11806219,mountain_daisy
n11806219,Arenaria_groenlandica
n12033504,xeranthemum
n11908846,celandine_poppy
n11908846,wood_poppy
n11908846,Stylophorum_diphyllum
n11920498,ammobium
n11839823,common_four-o'clock
n11839823,marvel-of-Peru
n11839823,Mirabilis_jalapa
n11839823,Mirabilis_uniflora
n11990627,Pyrenees_daisy
n11990627,Leucanthemum_lacustre
n11990627,Chrysanthemum_lacustre
n11950686,corn_marigold
n11950686,field_marigold
n11950686,Chrysanthemum_segetum
n11936539,purple-stemmed_aster
n12950314,common_valerian
n12950314,garden_heliotrope
n12950314,Valeriana_officinalis
n12877244,snapdragon
n11887750,western_wall_flower
n11887750,Erysimum_asperum
n11887750,Cheiranthus_asperus
n11887750,Erysimum_arkansanum
n11816649,fire_pink
n11816649,Silene_virginica
n11906127,golden_cup
n11906127,Mexican_tulip_poppy
n11906127,Hunnemania_fumariifolia
n11925450,blue-eyed_African_daisy
n11925450,Arctotis_stoechadifolia
n11925450,Arctotis_venusta
n12297846,spurred_gentian
n12950126,valerian
n11859472,spring_beauty
n11859472,Clatonia_lanceolata
n11724660,pheasant's-eye
n11724660,Adonis_annua
n12361350,grape-leaf_begonia
n12361350,maple-leaf_begonia
n12361350,Begonia_dregei
n11933903,white_prairie_aster
n11933903,Aster_falcatus
n11726433,Virginia_thimbleweed
n11726433,Anemone_virginiana
n11726707,rue_anemone
n11726707,Anemonella_thalictroides
n12294723,closed_gentian
n12294723,blind_gentian
n12294723,Gentiana_clausa
n11902389,opium_poppy
n11902389,Papaver_somniferum
n12443736,coral_drops
n12443736,Bessera_elegans
n12296432,fringed_gentian
