GUIRAR,FROG,
GUITAR,ants,
Gutair,artwork,
acoustic guitar,bass,
cuitar,bears,
electric guitar,brush,
electronic guitar,buildings,
ghutter,car,
gitar,cat,
giutar,cells,
giutter,crab,
guiar,dirt,
guiars,doll,
guiat,drawing,
guirat,en,
guita,fish,
guitar,g,
guitar\,gi,
guitars,gu,
guitat,guns,
guitatr,instrument,
guite,machine,
guiter,mouse,
guitr,plane,
guittar,plastic,
guitter,pum,
guiwr,puzzle,
gutair,robot,
gutiar,rocks,
tiled guitar,seal,
,spraybottle,
,stairs,
,star,
,ste,
,texture,
,texu,
,violin,
,wallet,
,watches,
,,
