HAMMER,CARS,
Hammer,Cars,
gavel,FLOWER,
hamer,Keyboard,
hamm,NA,
hamma,PENCIL,
hammar,PLANE,
hamme,axe,
hammer,bark,
hammer sketch,batteries,
hammers,bullet,
hammmer,car,
hammrt,cars,
harmer,chair,
harmmer,cigarette,
harmmw,computer,
harner,corn,
jack hammer,cover,
mallet,cow,
sledge hammer,curtain,
sledgehammer,dead perso,
,desert,
,door,
,drawer,
,drill,
,fur,
,guitars,
,gun,
,guns,
,h,
,happer,
,happle,
,horse,
,lead,
,lenses,
,man,
,mushroom,
,oistol,
,p,
,painting,
,pencils,
,pens,
,phone,
,pipes,
,puzzle,
,puzzle art,
,rat,
,river,
,satelite,
,seal,
,sink,
,sketch,
,sledge,
,snail,
,snake,
,stadium,
,stairs,
,streets,
,tap,
,texture,
,timber,
,tool,
,violin,
,wood,
,,
