HIPPO,ALIEN,
HIPPO',ELEPHANT,
HIPPOS,HORSE,
Hippo,Plant,
hipo,RHINO,
hipoote,Tomato,
hipp,airport,
hippi,alien,
hippo,"ani,ael",
hippo\,animal,
hippopo,artwork,
hippopot,b,
hippopota,ballon,
hippopotam,bat,
hippopotamus,buffalo,
hippoppotamus,bull,
hippos,camel,
hippos\,car,
hippotamous,car lights,
hippotamus,cat,
hipppo,color,
hoppotem,cow,
,cows,
,crocodile,
,cucumber,
,dog,
,dogs,
,elephant,
,elephants,
,fish,
,head,
,helmet,
,hog,
,horse,
,horses,
,jungle,
,leaves,
,lincoln,
,lines,
,ma,
,man,
,mask,
,money,
,monkey,
,monkeys,
,mouse,
,pig,
,pigs,
,pineapple,
,plant,
,platypus,
,puzzle art,
,rh,
,rhi,
,rhin,
,rhino,
,rhinos,
,rino,
,rinos,
,sea shell,
,seal,
,seals,
,sheep,
,shell,
,skelton,
,sketch,
,skin,
,skukk,
,skull,
,snail,
,texture,
,tiger,
,wave,
,,
