PINEAPPEL,BEE,
PINEAPPLE,BROCCOLI,
Pineapple,MONKEY,
pinapple,P APPLE,
pinapples,PLANT,
pine apple,ants,
pinea;p,apple,
pinea[pple,artwork,
pineaple,bat,
pineaplle,bee,
pineappl,bees,
pineapple,bell,
pineapple\,body,
pineapples,branch,
pineapplwe,coral,
pinepale,corn,
pinesapple,crab,
pinneaple,dandellion,
pinneaplle,duck,
pneappke,elephant,
pneapple,fence,
,fish,
,flies,
,flower,
,flowers,
,fly,
,fruit,
,fruits,
,grass,
,green,
,hippo,
,king neptune,
,leaves,
,lettuce,
,net,
,o,
,p,
,palm trees,
,people,
,plant,
,plants,
,shark,
,sketch,
,snail,
,snake,
,tile sketch,
,tree,
,wall,
,whale,
,window,
,woman,
,,
