SANDALS,?,
SHOE,BROWN,
SHOES,Chocolate,
SHOE],FRUIT,
SHOW,Gun,
Shoe,Lock,
black shoe,SEAL,
dress shoe,abstract art,
dress shoed,art,
flip flop,bag,
flipflops,ball,
heel,bark,
heels,beetle,
high heel,bicycl,
loafer,bike,
loafers,blanket,
sandaLS,boat,
sandal,bota,
sandals,bottle,
sandle,bubble,
sandles,c,
shoe,camel,
shoe/high heels,car,
shoe?,cat,
shoe\,cats,
shoes,cheese,
shor,chocolate,
shose,corn,
show,cover,
slipper,dirt,
slippers,dryer,
sneaker,elbow pad,
thong,elephant,
,fi,
,fish,
,frog,
,fun,
,giraffe,
,glass,
,glasses,
,guitar,
,guitars,
,gun,
,guns,
,horns,
,horse,
,husk,
,k,
,leag,
,leather,
,leaves,
,m,
,men,
,mushroom,
,octo,
,octopus,
,olice,
,otter,
,panties,
,papers,
,pattern,
,phone,
,planes,
,plant,
,purse,
,puzzle,
,radio,
,reeds,
,robot,
,san,
,scand,
,seat,
,shell,
,shovels,
,sj,
,sketch,
,skin,
,soccer balls,
,squid,
,texture,
,tiger,
,tigers,
,tote,
,trumpet,
,trumpets,
,trumpit,
,tuba,
,waves,
,whale,
,wood,
,,
