SNAIL,?,
SNAILS,BEE,
Snai,FISH,
Snail,GUITAR,
Snails,Wax,
sbail,a,
snai,ant,
snai;,artwork,
snaikl,bat,
snail,bear,
snails,bee,
snailsd,beetle,
snainl,berry,
snali,bird,
snaol,bread,
snasil,bug,
snel,butterfly,
white snail,cans,
,car hood,
,car park,
,carrots,
,chicken,
,compass,
,coral,
,d,
,dirt,
,dogs,
,drawing \,
,fe,
,fish,
,flower,
,frogs,
,glass,
,ground,
,guita,
,guitar,
,guitars,
,helmet,
,horses,
,insect,
,leaf,
,lemons,
,lion,
,log,
,mac,
,maggor,
,maggot,
,monkey,
,mouse,
,mu,
,mushroom,
,mushroomd,
,nail,
,not,
,nuts,
,octopus,
,pasta,
,pineapple,
,popcorn,
,potatoe,
,potatoes,
,sea creature,
,seal,
,shell,
,shell fish,
,shells,
,slu,
,slug,
,sn,
,snake,
,sperm,
,spider,
,squids,
,text,
,texture,
,trees,
,turtle,
,wall,
,wheels,
,wings,
,wood,
,xebra,
,,
