SQUIREEL,DOG,
SQUIREL,MONKEY,
SQUIRREL,RATS,
Squa,\,
Squairl,al,
Squaril,animals,
Squarill,artwork,
Squarril,bear,
chipmunk,beaver,
gopher,bi,
sqirrel,blob,
sqiurrel,broccoli,
squairl,bubble,
squarill,bunny,
squarril,camels,
squierl,cat,
squierrl,corn,
squir,cow,
squire,cows,
squireel,crab,
squirel,dirt,
squirell,drawinfg,
squirels,f,
squireo,feathers,
squirill,ferret,
squirl,fish,
squirle,fly,
squirr,fox,
squirr3l\,frig,
squirrak,frog,
squirral,frogs,
squirre,fur,
squirrel,hair,
squirrel',hammster,
squirrel],hamster,
squirrell,jungle,
squirrels,koala,
squirrl,leafs,
squirrle,lemur,
squirrles,lion,
squirtle,lizard,
squr,lizard?,
squrel,meat,
squrell,mice,
squrille,micxe,
squrrel,moths,
squrrial,mouse,
squrriel,mushroom,
swuirrel,painti,
,pattern,
,pig,
,ra,
,rabbit,
,rabbits,
,rabbiyt,
,rabits,
,racoon,
,rat,
,rat],
,rats,
,rocks,
,s,
,sk,
,skwir,
,sloth,
,sq,
,st,
,texture,
,tiger,
,tile,
,tree,
,weasel,
,wolverine,
,woodhuck,
,,
