STRAWBERRY,ELEPHANT,
STRAWBRY,FRUIT,
Stawberry,ORANGE,
Strawbe,RED,
Strawber,Tomato,
dtrawberry,Watermelon,
srawberry,acorn,
srraw ber,allig,
starwberry,apple,
stawbeerry,ball,
stawberry,bell pepper,
straberry,berry,
straeberry,berrys,
straw berry,bottle,
strawb,butterfly,
strawbeery,ca,
strawber,cabbage,
strawberr,candles,
strawberrie,car,
strawberries,carrots,
strawberrry,cherries,
strawberrt,coconut,
strawberrty,corn,
strawberry,crab,
strawbertr,dinosaur head,
strawbery,drums,
straweberry,flower,
strawnerry,flowers,
strewber,friut,
strewberry,fruit,
,fruits,
,grape,
,hippo,
,horse,
,house,
,ladybug,
,lettuce,
,line,
,meat,
,melon,
,moths,
,mountain,
,mushroom,
,nut,
,orange,
,peach,
,peas,
,pepper,
,plants,
,plum,
,potato,
,raspberry,
,rock,
,rose,
,s,
,salad,
,shadow,
,shells,
,siloutee,
,sketc,
,slope,
,speech bubble,
,squash,
,st,
,sta,
,starfish,
,str,
,stra,
,straw,
,strawg,
,stre,
,that wasnt a thing,
,tile,
,toma,
,tomato,
,tomatoe,
,tomatoes,
,train,
,tree,
,tromato,
,waffles,
,wall,
,,
